id,conversation_id,created_at,date,time,timezone,user_id,username,name,place,tweet,language,mentions,urls,photos,replies_count,retweets_count,likes_count,hashtags,cashtags,link,retweet,quote_url,video,thumbnail,near,geo,source,user_rt_id,user_rt,retweet_id,reply_to,retweet_date,translate,trans_src,trans_dest
1514269044471328771,1514269044471328771,2022-04-13 11:47:28 Eastern Daylight Time,2022-04-13,11:47:28,-0400,17471518,yadavaman,Aman Yadav,,New article with @mariekheath on how we can reshape K-12 #CSEd to be justice-oriented by focusing on criticality and community. Thanks to @ruha9 and @schock whose work informed our thinking. @AECTTechTrends  https://t.co/wlBuU1Soor  https://t.co/TOsVT9GNj4,en,"[{'screen_name': 'mariekheath', 'name': 'dr. marie ponzillo heath', 'id': '2503230714'}, {'screen_name': 'ruha9', 'name': 'ruha benjamin', 'id': '49129289'}, {'screen_name': 'schock', 'name': 'sasha costanza-chock', 'id': '6466252'}, {'screen_name': 'aecttechtrends', 'name': 'techtrends editor', 'id': '804807943'}]",['http://rdcu.be/cLdUc'],['https://pbs.twimg.com/media/FQPDot5UYAMOEt7.jpg'],0,5,12,['csed'],[],https://twitter.com/yadavaman/status/1514269044471328771,False,,1,https://pbs.twimg.com/media/FQPDot5UYAMOEt7.jpg,,,,,,,[],,,,
1514263661174435845,1514263661174435845,2022-04-13 11:26:05 Eastern Daylight Time,2022-04-13,11:26:05,-0400,14964856,geraldardito,Gerald Ardito,,I am very much looking forward to sharing this presentation on #csed later today at #SITE2022 @SITEconf @site4CTSIG @jondron @mrtomocon @tomliamlynch @BetulCzerkawski @ManhattanEdu  https://t.co/AM7YOvFeqJ,en,"[{'screen_name': 'siteconf', 'name': 'site conference', 'id': '17079672'}, {'screen_name': 'site4ctsig', 'name': 'site ct sig', 'id': '856688408437170181'}, {'screen_name': 'jondron', 'name': 'jon dron', 'id': '1258181'}, {'screen_name': 'mrtomocon', 'name': ""tom o'connell (he/him/his) üè≥Ô∏è\u200düåà"", 'id': '15810026'}, {'screen_name': 'tomliamlynch', 'name': 'tom liam lynch, ed.d.', 'id': '16987591'}, {'screen_name': 'betulczerkawski', 'name': 'betul czerkawski', 'id': '2437405002'}, {'screen_name': 'manhattanedu', 'name': 'manhattan college', 'id': '385107877'}]",['https://drardito.github.io/SITE2022/RoboticsPlay/#/'],[],0,2,3,"['csed', 'site2022']",[],https://twitter.com/geraldardito/status/1514263661174435845,False,,0,,,,,,,,[],,,,
1514248094749237250,1514248094749237250,2022-04-13 10:24:13 Eastern Daylight Time,2022-04-13,10:24:13,-0400,2891357315,csforalltchrs,CS for All Teachers,,#CSforAll and #CSed community: we (@AIRInforms) are hiring a researcher with science or computer science education experience (with no required relocation in the US)! Check it out and share with your networks!  https://t.co/f2QssW2dmH,en,"[{'screen_name': 'airinforms', 'name': 'american institutes for research', 'id': '30913636'}]",['https://jobs-airdc.icims.com/jobs/12161/researcher%2c-science-or-computer-science-education/job?mobile=true&width=390&height=606&bga=true&needsRedirect=false&jan1offset=-480&jun1offset=-420'],[],0,0,1,"['csforall', 'csed']",[],https://twitter.com/CSforAllTchrs/status/1514248094749237250,False,,0,,,,,,,,[],,,,
1514242176993140747,1514242176993140747,2022-04-13 10:00:42 Eastern Daylight Time,2022-04-13,10:00:42,-0400,793950370842087425,bootuppd,BootUp,,"As one of the most diverse school districts in the nation, @TukwilaSchools is driving change and inspiring young learners to explore their passions through computer science and code. Take a look at how they're revolutionizing the culture of education #CSEd #AmazonFutureEngineer  https://t.co/rOI4wX1IWe",en,"[{'screen_name': 'tukwilaschools', 'name': 'tukwila schools', 'id': '1706465407'}]",[],[],0,1,2,"['csed', 'amazonfutureengineer']",[],https://twitter.com/BootUpPD/status/1514242176993140747,False,,1,https://pbs.twimg.com/ext_tw_video_thumb/1514241099430248455/pu/img/fvlf4f-fbCimCE-S.jpg,,,,,,,[],,,,
1514091063631220738,1514091063631220738,2022-04-13 00:00:14 Eastern Daylight Time,2022-04-13,00:00:14,-0400,576750037,josephpwilson,Joey Wilson üè≥Ô∏è‚Äçüåà,,#CSforAll and #CSed community: we (@AIRInforms) are hiring a researcher with science or computer science education experience (with no required relocation in the US)! Check it out and share with your networks!  https://t.co/ixurIJ8lcH,en,"[{'screen_name': 'airinforms', 'name': 'american institutes for research', 'id': '30913636'}]",['https://jobs-airdc.icims.com/jobs/12161/researcher%2c-science-or-computer-science-education/job?mobile=true&width=390&height=606&bga=true&needsRedirect=false&jan1offset=-480&jun1offset=-420'],[],1,1,3,"['csforall', 'csed']",[],https://twitter.com/josephpwilson/status/1514091063631220738,False,,0,,,,,,,,[],,,,
1514038167057444873,1514038167057444873,2022-04-12 20:30:03 Eastern Daylight Time,2022-04-12,20:30:03,-0400,1529491320,educationbsd,BSD Education,,Is your Digital Skills Learning program as effective as it can be? ‚Å† ‚Å† Take a free assessment today to get a sense‚Å† of your readiness to build a successful and sustainable computer science program at your school. Get started here!  https://t.co/G30bDNTGFL ‚Å† #CSed #CSforAll,en,[],['https://l8r.it/93ly'],[],0,0,0,"['csed', 'csforall']",[],https://twitter.com/EducationBSD/status/1514038167057444873,False,,0,,,,,,,,[],,,,
1513901491907616771,1513901491907616771,2022-04-12 11:26:57 Eastern Daylight Time,2022-04-12,11:26:57,-0400,2482500352,mrstbauerly,Teri Bauerly,,This üíØ.  We've gotta start thinking critically about these big shiny companies &amp; orgs. What's their purpose? What's their experience? Who are they accountable to? Feels like the goal of #CSEd for everyone quickly became CS skills training for big companies because capitalism.,en,[],[],[],0,0,0,['csed'],[],https://twitter.com/mrstbauerly/status/1513901491907616771,False,https://twitter.com/ShanaVWhite/status/1513871922580369422,0,,,,,,,,[],,,,
1513871922580369422,1513871922580369422,2022-04-12 09:29:27 Eastern Daylight Time,2022-04-12,09:29:27,-0400,2318665192,shanavwhite,Shana V. White (she/her),,"I beg people in the #CSed community to listen more to other people actually doing the work. Stop accepting information and claims from ""leaders"" that is old and out of touch with K-12 spaces.   Nothing will change if y'all don't publicly push back against these bad narratives.",en,[],[],[],1,4,29,['csed'],[],https://twitter.com/ShanaVWhite/status/1513871922580369422,False,,0,,,,,,,,[],,,,
1513662971490222082,1513662971490222082,2022-04-11 19:39:09 Eastern Daylight Time,2022-04-11,19:39:09,-0400,375621233,marlobarnett,Dr. Marlo Barnett,,I have worked hard in this state #Illinois for #CSed #CS for the last 5 years. I will not be pushed out by people who wish I would go away! Don‚Äôt talk to me like I‚Äôm a child! I am a professional and demand respect!!,en,[],[],[],0,1,2,"['illinois', 'csed', 'cs']",[],https://twitter.com/marlobarnett/status/1513662971490222082,False,,0,,,,,,,,[],,,,
1513607947397615622,1513607947397615622,2022-04-11 16:00:30 Eastern Daylight Time,2022-04-11,16:00:30,-0400,2318665192,shanavwhite,Shana V. White (she/her),,Well done!! #CSed teachers check this out.,en,[],[],[],0,0,5,['csed'],[],https://twitter.com/ShanaVWhite/status/1513607947397615622,False,https://twitter.com/replit/status/1513553283905896449,0,,,,,,,,[],,,,
1513586913222963201,1513586913222963201,2022-04-11 14:36:55 Eastern Daylight Time,2022-04-11,14:36:55,-0400,2521431379,shglantz,Sean Glantz,,Gamechanging unlock for CS teachers everywhere! #CSEd,en,[],[],[],0,1,2,['csed'],[],https://twitter.com/shGlantz/status/1513586913222963201,False,https://twitter.com/lenaatreplit/status/1513577140935139338,0,,,,,,,,[],,,,
1513517229811380234,1513517229811380234,2022-04-11 10:00:02 Eastern Daylight Time,2022-04-11,10:00:02,-0400,248760702,jared_oleary,Jared O'Leary //Multiplicity,,"In this week's #CSK8 Podcast episode I unpack @etheltshukudu, @quintincutts, @ogoletti, @aeswidan, &amp; @Felienne‚Äôs (2021) publication titled ‚ÄúTeachers‚Äô views and experiences on teaching second and subsequent programming languages""  https://t.co/3NvfRWOGAd  #csforall #CSedu #CSed",en,"[{'screen_name': 'etheltshukudu', 'name': 'ethel tshukudu', 'id': '1675070414'}, {'screen_name': 'quintincutts', 'name': 'quintincutts', 'id': '18049967'}, {'screen_name': 'ogoletti', 'name': 'olivier goletti', 'id': '1157187897629564929'}, {'screen_name': 'aeswidan', 'name': 'alaaeddin swidan üáµüá∏', 'id': '2392517540'}, {'screen_name': 'felienne', 'name': '/fay-lee-nuh/', 'id': '19070986'}]",['https://jaredoleary.com/csk8feed/130'],[],1,6,5,"['csk8', 'csforall', 'csedu', 'csed']",[],https://twitter.com/Jared_OLeary/status/1513517229811380234,False,,0,,,,,,,,[],,,,
1513501707052978179,1513501707052978179,2022-04-11 08:58:21 Eastern Daylight Time,2022-04-11,08:58:21,-0400,1417134608919973890,raspberrypi_org,Raspberry Pi Foundation,,"It's #NationalPetDay üê∂üê±üê∞  We love seeing pics of your pets on Twitter üì∏  What? You've not got a pet? Why not create a virtual pet in @scratch:  https://t.co/yp1xZqo5I4  In this free project, you'll use variables, broadcast, and if blocks.  #LearnToCode #CSEd #STEMEd  https://t.co/6h8XjSJfMo",en,"[{'screen_name': 'scratch', 'name': 'scratch team', 'id': '15538226'}]",['http://rpf.io/this-sprite-needs-you'],['https://pbs.twimg.com/media/FQEJx28XsAAUgZ1.png'],1,4,9,"['nationalpetday', 'learntocode', 'csed', 'stemed']",[],https://twitter.com/RaspberryPi_org/status/1513501707052978179,False,,1,https://pbs.twimg.com/media/FQEJx28XsAAUgZ1.png,,,,,,,[],,,,
1512953861937545216,1512953861937545216,2022-04-09 20:41:24 Eastern Daylight Time,2022-04-09,20:41:24,-0400,2834502939,maybrusso,Andrea Russo,,Thank you @MicrosoftIPC for hosting @csteachersorg #EquityFellows It was truly enlightening &amp; inspiring weekend to hear from this remarkable group. I am unapologetic advocate for #CSEdu,en,"[{'screen_name': 'microsoftipc', 'name': 'microsoft innovation & policy center', 'id': '252889035'}, {'screen_name': 'csteachersorg', 'name': 'cs teachers association (csta)', 'id': '88305457'}]",[],[],0,0,4,"['equityfellows', 'csedu']",[],https://twitter.com/maybrusso/status/1512953861937545216,False,,0,,,,,,,,[],,,,
1512851638205259791,1512849752320364546,2022-04-09 13:55:12 Eastern Daylight Time,2022-04-09,13:55:12,-0400,375621233,marlobarnett,Dr. Marlo Barnett,,"@SPHSPHSPHSPH @csteachersorg @Microsoft @cjbj9612 @Sonal_EDU @_DonaldSG @vkajones @BerriosVRE @Ms_Ufret @GinaFugate2015 @JennyStyer @SVicGlass That‚Äôs a nice photo‚Ä¶ if ONLY this can be the image all over the nation for #CSed #technology spaces, organizations, jobs, and institutions. #RepresentationMatters",en,[],[],[],0,0,7,"['csed', 'technology', 'representationmatters']",[],https://twitter.com/marlobarnett/status/1512851638205259791,False,,0,,,,,,,,"[{'screen_name': 'SPHSPHSPHSPH', 'name': 'ShawnPatrickHiggins', 'id': '272514745'}, {'screen_name': 'csteachersorg', 'name': 'CS Teachers Association (CSTA)', 'id': '88305457'}, {'screen_name': 'Microsoft', 'name': 'Microsoft', 'id': '74286565'}, {'screen_name': 'cjbj9612', 'name': 'Carla Neely', 'id': '743609624016883712'}, {'screen_name': 'Sonal_EDU', 'name': 'Sonal Patel, M.S. Ed Tech', 'id': '2392022618'}, {'screen_name': '_DonaldSG', 'name': 'Donald Saint-Germain', 'id': '1488558538066731018'}, {'screen_name': 'vkajones', 'name': 'Vanessa Jones', 'id': '13170422'}, {'screen_name': 'BerriosVRE', 'name': 'Ms. Berrios', 'id': '958328184369483776'}, {'screen_name': 'Ms_Ufret', 'name': 'Ashley Ufret', 'id': '1438558441501515778'}, {'screen_name': 'GinaFugate2015', 'name': 'Gina Fugate', 'id': '1506304566379388938'}, {'screen_name': 'JennyStyer', 'name': 'Jenny Styer', 'id': '1450605417952780292'}, {'screen_name': 'SVicGlass', 'name': 'Shaina Glass', 'id': '526028204'}]",,,,
1512615077492367361,1512615077492367361,2022-04-08 22:15:12 Eastern Daylight Time,2022-04-08,22:15:12,-0400,1159194740765728770,afairitrt,Amanda Fair,,This article talks about coding and the design process in the context of constructionism. The design process is so important in #CSEd. We have to teach our students how to fail forward and the value of multiple iterations. #6711SM5   https://t.co/bQKM4XQ5So,en,[],['https://search.ebscohost.com/login.aspx?direct=true&AuthType=shib&db=psyh&AN=2019-41743-039&site=eds-live&scope=site&custid=s6527200'],[],0,0,0,"['csed', '6711sm5']",[],https://twitter.com/AFairITRT/status/1512615077492367361,False,,0,,,,,,,,[],,,,
1512169296734076935,1512169296734076935,2022-04-07 16:43:49 Eastern Daylight Time,2022-04-07,16:43:49,-0400,14813636,hodgesc,Chuck Hodges,,.@mete_akca led a Project GAME (@NSF funded project) meeting today making plans for writing and continued work through the summer and beyond.  These meetings and discussions are part of the job I really enjoy.   https://t.co/DZGNeb2VgT @selcukdogann #ProfLife #CSed #CSforall,en,"[{'screen_name': 'mete_akca', 'name': 'mete akcaoglu', 'id': '16245045'}, {'screen_name': 'nsf', 'name': 'national science foundation', 'id': '16245822'}, {'screen_name': 'selcukdogann', 'name': 'sel√ßuk doƒüan', 'id': '231033416'}]",['https://www.projectgame.org/'],[],1,2,7,"['proflife', 'csed', 'csforall']",[],https://twitter.com/hodgesc/status/1512169296734076935,False,,0,,,,,,,,[],,,,
1512168874216722434,1512168874216722434,2022-04-07 16:42:09 Eastern Daylight Time,2022-04-07,16:42:09,-0400,2196429751,senecamhart,Seneca M. Hart,,üëÄ @ the focus! Very last @codeorg lesson before AI/Machine Learning projects start in @coppelleast Coding! I ‚ù§Ô∏è this so much b/c troubleshooting models sets them up to ü•ä any problems of their own they encounter #clearlyCTE #csed  https://t.co/1ftSsB63jJ,en,"[{'screen_name': 'codeorg', 'name': 'code.org', 'id': '850107536'}, {'screen_name': 'coppelleast', 'name': 'coppell middle school east', 'id': '41585224'}]",[],['https://pbs.twimg.com/media/FPxNkvrWQAABfIh.jpg'],0,0,2,"['clearlycte', 'csed']",[],https://twitter.com/SenecaMHart/status/1512168874216722434,False,,1,https://pbs.twimg.com/media/FPxNkvrWQAABfIh.jpg,,,,,,,[],,,,
1512090487129362435,1512090487129362435,2022-04-07 11:30:40 Eastern Daylight Time,2022-04-07,11:30:40,-0400,759023573168189441,csforall,CSforALL,,Do you want to be more involved with the #CSforALL Community? Discover new #CSEd resources and opportunities in the latest CSforALL newsletter and subscribe to receive future newsletters in your inbox at  https://t.co/Nejuaa0650.  https://t.co/KIGhb3drYf,en,[],['https://buff.ly/3Kx6wJT'],['https://pbs.twimg.com/media/FPwGSKXXEAAgJiU.jpg'],0,2,4,"['csforall', 'csed']",[],https://twitter.com/CSforALL/status/1512090487129362435,False,,1,https://pbs.twimg.com/media/FPwGSKXXEAAgJiU.jpg,,,,,,,[],,,,
1512080998686593046,1512080998686593046,2022-04-07 10:52:57 Eastern Daylight Time,2022-04-07,10:52:57,-0400,416818064,bryantstampede,Paul W Bryant HS,,"Congratulations to Destiny Langford on being selected as a 2022 NCWIT AiC Educator Award recipient! Thanks, Ms. Langford, for supporting students at Bryant! @NCWITAIC #NCWITAiC22 #csed @TCSBoardofEd @Read4meLydia  https://t.co/jnaY1piGjq",en,"[{'screen_name': 'ncwitaic', 'name': 'ncwitaic', 'id': '1327897044'}, {'screen_name': 'tcsboardofed', 'name': 'tüçès board of ed', 'id': '174389364'}, {'screen_name': 'read4melydia', 'name': 'lydia edwards', 'id': '619180626'}]",[],['https://pbs.twimg.com/media/FPv9p-BVcAYuVv_.jpg'],0,4,6,"['ncwitaic22', 'csed']",[],https://twitter.com/BryantStampede/status/1512080998686593046,False,,1,https://pbs.twimg.com/media/FPv9p-BVcAYuVv_.jpg,,,,,,,[],,,,
1512058284919844874,1512058284919844874,2022-04-07 09:22:42 Eastern Daylight Time,2022-04-07,09:22:42,-0400,167800731,drmcgettigan,Dr. Joan McGettigan üåª,,Come join our team! @DarienHSCT Tech Ed Department has an opening! ‚ù§Ô∏è üí°ü§ñüß†üöÄüßë‚Äçüíª #CTEEA #CTE #edtechchat #AppleEDUchat #ITEEA @iteea @CTEdTech @CTTech @CCSU #csed #CSforAllTeachers #AppleLearningCoach @csteachersorg #CSTA2022  https://t.co/qMAbS307bx,en,"[{'screen_name': 'darienhsct', 'name': 'darien high school', 'id': '906216302922145792'}, {'screen_name': 'iteea', 'name': 'iteea', 'id': '41181951'}, {'screen_name': 'ctedtech', 'name': 'ct ed tech', 'id': '4686046099'}, {'screen_name': 'cttech', 'name': 'ct tech council', 'id': '14678968'}, {'screen_name': 'ccsu', 'name': 'ccsu (central)', 'id': '23073586'}, {'screen_name': 'csteachersorg', 'name': 'cs teachers association (csta)', 'id': '88305457'}]",[],['https://pbs.twimg.com/tweet_video_thumb/FPvo_PdVIAYZmg7.jpg'],0,0,1,"['cteea', 'cte', 'edtechchat', 'appleeduchat', 'iteea', 'csed', 'csforallteachers', 'applelearningcoach', 'csta2022']",[],https://twitter.com/drmcgettigan/status/1512058284919844874,False,,1,https://pbs.twimg.com/tweet_video_thumb/FPvo_PdVIAYZmg7.jpg,,,,,,,[],,,,
1511870370642423810,1511870370642423810,2022-04-06 20:56:00 Eastern Daylight Time,2022-04-06,20:56:00,-0400,72203012,visionsbyvicky,Vicky Sedgwick,,"Thank you for participating in tonight‚Äôs #csk8 Big Book of Computing Pedagogy: Unplug, Unpack, Repack chat. Make sure to follow all #csk8 chatters here on Twitter to expand your #CSEd PLN!",en,[],[],[],1,0,3,"['csk8', 'csk8', 'csed']",[],https://twitter.com/VisionsByVicky/status/1511870370642423810,False,,0,,,,,,,,[],,,,
1511855019481460736,1511855019481460736,2022-04-06 19:55:00 Eastern Daylight Time,2022-04-06,19:55:00,-0400,849100416180736001,kristeenshabram,KShabram,,"It‚Äôs your 5 minute warning for tonight‚Äôs #csk8 Big Book of Computing Pedagogy: Unplug, Unpack, Repack chat. Please join us if you are involved with K-12 #CSEd!  https://t.co/qJzu30Kc3J",en,[],[],['https://pbs.twimg.com/media/FPr4SQ4XsAUHCW1.jpg'],0,0,0,"['csk8', 'csed']",[],https://twitter.com/KristeenShabram/status/1511855019481460736,False,,1,https://pbs.twimg.com/media/FPr4SQ4XsAUHCW1.jpg,,,,,,,[],,,,
1511826085981343748,1511826085981343748,2022-04-06 18:00:01 Eastern Daylight Time,2022-04-06,18:00:01,-0400,72203012,visionsbyvicky,Vicky Sedgwick,,"We're 2 hours away from tonight's #csk8 Big Book of Computing Pedagogy: Unplug, Unpack, Repack chat with questions inspired by ch4 of  https://t.co/HWXg8fsbdH Check out the questions we'll be discussing &amp; plan to join us at 5pm PT/8pm CT if you are involved in K-12 #CSEd  https://t.co/pxp9ln80pq",en,[],['https://bit.ly/csk8bbcp'],"['https://pbs.twimg.com/media/FPrx4H-VQAAqcus.jpg', 'https://pbs.twimg.com/media/FPrx6tqVkAI4yak.png']",0,0,1,"['csk8', 'csed']",[],https://twitter.com/VisionsByVicky/status/1511826085981343748,False,,1,https://pbs.twimg.com/media/FPrx4H-VQAAqcus.jpg,,,,,,,[],,,,
1511805111697293322,1511805111697293322,2022-04-06 16:36:41 Eastern Daylight Time,2022-04-06,16:36:41,-0400,15100514,audrakaplan,AudraKaplan,,"csteachersorg: RT @VisionsByVicky: If you are involved w/K-12 #CSEd join #csk8 chat at 7pm CT tonight for the 4th in our series of chats inspired by The Big Book of Computing Pedagogy  https://t.co/67UNVW5cwN We're talking about ch 4: Unplug, Unpack, Rep‚Ä¶  https://t.co/Bzwhfba6uA",en,"[{'screen_name': 'visionsbyvicky', 'name': 'vicky sedgwick', 'id': '72203012'}]",['http://bit.ly/csk8bbcp'],"['https://pbs.twimg.com/media/FPrusJwVcAIlonz.jpg', 'https://pbs.twimg.com/media/FPruudOVkAIV41G.png']",0,0,0,"['csed', 'csk8']",[],https://twitter.com/AudraKaplan/status/1511805111697293322,False,,1,https://pbs.twimg.com/media/FPrusJwVcAIlonz.jpg,,,,,,,[],,,,
1511783408275390465,1511783408275390465,2022-04-06 15:10:26 Eastern Daylight Time,2022-04-06,15:10:26,-0400,72203012,visionsbyvicky,Vicky Sedgwick,,"If you are involved w/K-12 #CSEd join #csk8 chat at 7pm CT tonight for the 4th in our series of chats inspired by The Big Book of Computing Pedagogy  https://t.co/HWIsDY26IQ We're talking about ch 4: Unplug, Unpack, Repack &amp; here's a sneak peek at the questions! #CSforAllTeachers  https://t.co/6idsRGCPPu",en,[],['http://bit.ly/csk8bbcp'],"['https://pbs.twimg.com/media/FPrusJwVcAIlonz.jpg', 'https://pbs.twimg.com/media/FPruudOVkAIV41G.png']",0,4,6,"['csed', 'csk8', 'csforallteachers']",[],https://twitter.com/VisionsByVicky/status/1511783408275390465,False,,1,https://pbs.twimg.com/media/FPrusJwVcAIlonz.jpg,,,,,,,[],,,,
1511777971538866178,1511777971538866178,2022-04-06 14:48:50 Eastern Daylight Time,2022-04-06,14:48:50,-0400,888083398014623744,cds_tuhsd,Corona del Sol High School,,"Congratulations to Stephen Heiser on being selected as a 2022 NCWIT AiC Educator Award recipient! A huge thank you to Mr. Heiser for always enouraging women, genderqueer, or non-binary students to explore their interest in computing &amp; technology!üß°üíõ @NCWITAIC #NCWITAiC22 #csed  https://t.co/cFK9VJYkt7",en,"[{'screen_name': 'ncwitaic', 'name': 'ncwitaic', 'id': '1327897044'}]",[],['https://pbs.twimg.com/media/FPropr2VsAEdAaj.jpg'],0,4,14,"['ncwitaic22', 'csed']",[],https://twitter.com/CDS_TUHSD/status/1511777971538866178,False,,1,https://pbs.twimg.com/media/FPropr2VsAEdAaj.jpg,,,,,,,[],,,,
1511741092768763904,1511741092768763904,2022-04-06 12:22:17 Eastern Daylight Time,2022-04-06,12:22:17,-0400,2409173660,centralreddevil,Central High School,,"Congratulations to Loretta Baber on being selected as a 2022 NCWIT AiC Educator Award recipient - one of only two in the entire state of Alabama! Thanks, Mrs. Baber, for supporting students In Phenix City‚Äôs Career Tech Center. @NCWITAIC #NCWITAiC22 #csed  https://t.co/7jPWcn84Xo",en,"[{'screen_name': 'ncwitaic', 'name': 'ncwitaic', 'id': '1327897044'}]",[],['https://pbs.twimg.com/media/FPrIEiPXoAMDiRR.jpg'],0,1,2,"['ncwitaic22', 'csed']",[],https://twitter.com/CentralRedDevil/status/1511741092768763904,False,https://twitter.com/NCWITAIC/status/1508852239724687365,1,https://pbs.twimg.com/media/FPrIEiPXoAMDiRR.jpg,,,,,,,[],,,,
1511735527250214917,1511735527250214917,2022-04-06 12:00:11 Eastern Daylight Time,2022-04-06,12:00:11,-0400,17826187,microsoftedu,Microsoft Education,,"If you‚Äôve ever wanted to bring coding into your curriculum, this game-based platform is the perfect starting point. üìç  Check out @MSMakeCode for a library of step-by-step tutorials, skillmaps, &amp; fun projects for students of all ages.   https://t.co/25UXPYVKsn #MicrosoftEDU #CSEd  https://t.co/YZQDu3wpXW",en,"[{'screen_name': 'msmakecode', 'name': 'microsoft makecode', 'id': '853151395351937024'}]",['https://msft.it/6010wv3Oo'],[],2,19,38,"['microsoftedu', 'csed']",[],https://twitter.com/MicrosoftEDU/status/1511735527250214917,False,,1,https://pbs.twimg.com/amplify_video_thumb/1511735502852046853/img/RMlh1XVM3q42yu6j.jpg,,,,,,,[],,,,
1511718037153456128,1511718037153456128,2022-04-06 10:50:41 Eastern Daylight Time,2022-04-06,10:50:41,-0400,72203012,visionsbyvicky,Vicky Sedgwick,,"What are you doing tonight at 7pm CT?  We hope you will be joining us for #csk8 Big Book of Computing Pedagogy: Unplug, Unpack, Repack chat. w/questions inspired by ch4  https://t.co/HWXg8fJM5f  Anyone involved w/K-12 #CSEd is welcome to join us! #CSforAllTeachers  https://t.co/lWou0wNT2Y",en,[],['https://bit.ly/csk8bbcp'],['https://pbs.twimg.com/media/FPqzc1-UYAQ2CEa.jpg'],0,3,4,"['csk8', 'csed', 'csforallteachers']",[],https://twitter.com/VisionsByVicky/status/1511718037153456128,False,,1,https://pbs.twimg.com/media/FPqzc1-UYAQ2CEa.jpg,,,,,,,[],,,,
1511666904166973441,1511666904166973441,2022-04-06 07:27:30 Eastern Daylight Time,2022-04-06,07:27:30,-0400,819856033564737536,helloworld_edu,Hello World Magazine,,"In the latest issue of Hello World, Neil Rickus @computingchamps and Andy Robertson @GeekDadGamer explore how video games can enable pupils to develop their understanding of #Cybersecurity.   Read the full article:  https://t.co/K0MZlrH1Fn  #CSEd #EduTwitter  https://t.co/FOxiOEnUwf",en,"[{'screen_name': 'computingchamps', 'name': 'neil rickus', 'id': '1324134702'}, {'screen_name': 'geekdadgamer', 'name': 'andy robertson', 'id': '14304857'}]",['https://helloworld.cc/rickus-robertson-2022'],['https://pbs.twimg.com/media/FPqFBqsXwAkTn-_.jpg'],0,19,21,"['cybersecurity', 'csed', 'edutwitter']",[],https://twitter.com/HelloWorld_Edu/status/1511666904166973441,False,,1,https://pbs.twimg.com/media/FPqFBqsXwAkTn-_.jpg,,,,,,,[],,,,
1511493895300988933,1511493895300988933,2022-04-05 20:00:01 Eastern Daylight Time,2022-04-05,20:00:01,-0400,72203012,visionsbyvicky,Vicky Sedgwick,,"Join us tomorrow evening at 5pm PT/8pm ET for #csk8 Big Book of Computing Pedagogy: Unplug, Unpack, Repack chat. Questions are inspired by ch4 of ‚ÄúThe Big Book of Computing Pedagogy‚Äù  https://t.co/HWXg8fsbdH Anyone involved w/K-12 #CSEd is welcome to join us! #CSforAllTeachers  https://t.co/fEKrRqIqMM",en,[],['https://bit.ly/csk8bbcp'],['https://pbs.twimg.com/media/FPnkioQVsAAB4Lv.jpg'],0,1,4,"['csk8', 'csed', 'csforallteachers']",[],https://twitter.com/VisionsByVicky/status/1511493895300988933,False,,1,https://pbs.twimg.com/media/FPnkioQVsAAB4Lv.jpg,,,,,,,[],,,,
1511405902854647813,1511405902854647813,2022-04-05 14:10:22 Eastern Daylight Time,2022-04-05,14:10:22,-0400,72203012,visionsbyvicky,Vicky Sedgwick,,"Are you involved with K-12 #CSEd? Join us tomorrow, 4/6, at 7pm CT for #csk8 chat for the 4th in our series of chats inspired by ‚ÄúThe Big Book of Computing Pedagogy‚Äù  https://t.co/HWXg8fJM5f when we will be talking about chapter 4, Unplug, Unpack, Repack. #CSforAllTeachers  https://t.co/KW7e416Uwx",en,[],['https://bit.ly/csk8bbcp'],['https://pbs.twimg.com/media/FPmXpDDVEAAM0Gj.jpg'],0,3,6,"['csed', 'csk8', 'csforallteachers']",[],https://twitter.com/VisionsByVicky/status/1511405902854647813,False,,1,https://pbs.twimg.com/media/FPmXpDDVEAAM0Gj.jpg,,,,,,,[],,,,
1511332827673120772,1511332827673120772,2022-04-05 09:19:59 Eastern Daylight Time,2022-04-05,09:19:59,-0400,1443307278451494918,stcodealgo,CodeAlgo Academy,,More than three in four Black parents and guardians (78%) say learning computer science is important for their child. Similar majorities of Hispanic (67%) and White (68%) parents see computer science as important for their child to learn.  #edtech #csed #a11y #tuesdayvibe #k12  https://t.co/GCvOJqB73W,en,[],[],['https://pbs.twimg.com/media/FPlUQe-WUAECeGa.jpg'],1,1,3,"['edtech', 'csed', 'a11y', 'tuesdayvibe', 'k12']",[],https://twitter.com/stcodealgo/status/1511332827673120772,False,,1,https://pbs.twimg.com/media/FPlUQe-WUAECeGa.jpg,,,,,,,[],,,,
1511159598945751043,1511159598945751043,2022-04-04 21:51:39 Eastern Daylight Time,2022-04-04,21:51:39,-0400,1458698340946755590,poweronbook,Power On!,,We had an awesome time doing a reading of the #PowerOn graphic novel and discussing biased AI w/San Bernardino educators @SBCSS_EdTech. Thank you @Sonal_EDU for inviting/hosting! Check out free Power On! educator resources for your PD coming soon to our website. #edtech #CSed,en,"[{'screen_name': 'sbcss_edtech', 'name': 'sbcss edtech/digital learning services', 'id': '976937345562787840'}, {'screen_name': 'sonal_edu', 'name': 'sonal patel, m.s. ed tech', 'id': '2392022618'}]",[],[],0,5,9,"['poweron', 'edtech', 'csed']",[],https://twitter.com/PowerOnBook/status/1511159598945751043,False,https://twitter.com/SBCSS_EdTech/status/1509688902633754645,0,,,,,,,,[],,,,
1511105154442956800,1511105154442956800,2022-04-04 18:15:18 Eastern Daylight Time,2022-04-04,18:15:18,-0400,54638676,cherisemcb,Dr. Cherise McBride,,"Join us next Monday, Apr 11! Will share resources for teaching data literacy #iteachmath #mtbos #StatisticalLiteracy #DataLiteracy #CS4All #CSed #DataEducation",en,[],[],[],0,2,4,"['iteachmath', 'mtbos', 'statisticalliteracy', 'dataliteracy', 'cs4all', 'csed', 'dataeducation']",[],https://twitter.com/cherisemcb/status/1511105154442956800,False,https://twitter.com/dsforeveryone/status/1511004657048600578,0,,,,,,,,[],,,,
1511081180317515776,1511081180317515776,2022-04-04 16:40:02 Eastern Daylight Time,2022-04-04,16:40:02,-0400,38013241,youthtoday,Youth Today,,How @TulsaSchools and @utulsa are working together to build the next generation of America's cyber-defenders #STEMed #CSEd  https://t.co/JuL9jzwp2H  https://t.co/P0WeZ4FgB5,en,"[{'screen_name': 'tulsaschools', 'name': 'tulsaschools', 'id': '92405904'}, {'screen_name': 'utulsa', 'name': 'university of tulsa', 'id': '17091564'}]",['https://bit.ly/HSCyberDefense'],['https://pbs.twimg.com/media/FPhwU3dWYAQfE_Q.jpg'],0,1,3,"['stemed', 'csed']",[],https://twitter.com/YouthToday/status/1511081180317515776,False,,1,https://pbs.twimg.com/media/FPhwU3dWYAQfE_Q.jpg,,,,,,,[],,,,
1511036076986535938,1511036076986535938,2022-04-04 13:40:49 Eastern Daylight Time,2022-04-04,13:40:49,-0400,1458698340946755590,poweronbook,Power On!,,Guess who's @amazonbooks #1 NEW RELEASE for Science &amp; Technology for Teens? The new Power On! graphic novel. Go to  https://t.co/OHsexVWWwi to see the trailer and pre-order now! @mitpress @uclacenterx #graphicnovel #edchat #edtech #computerscience #csed #csforall  https://t.co/fWSI0t1Wbb,en,"[{'screen_name': 'amazonbooks', 'name': 'amazon books', 'id': '14172201'}, {'screen_name': 'mitpress', 'name': 'mit press', 'id': '20774514'}, {'screen_name': 'uclacenterx', 'name': 'ucla center x', 'id': '2284018268'}]",['http://poweronbook.com'],['https://pbs.twimg.com/media/FPhGFJKUYAIB5zg.jpg'],0,6,11,"['graphicnovel', 'edchat', 'edtech', 'computerscience', 'csed', 'csforall']",[],https://twitter.com/PowerOnBook/status/1511036076986535938,False,,1,https://pbs.twimg.com/media/FPhGFJKUYAIB5zg.jpg,,,,,,,[],,,,
1511016642494537732,1511016642494537732,2022-04-04 12:23:35 Eastern Daylight Time,2022-04-04,12:23:35,-0400,386203183,melrasberry,Melissa Rasberry,,Proud of the work Sheenal Young is leading with #csed in North Carolina! @FridayInstitute  https://t.co/0StctQI1oO,en,"[{'screen_name': 'fridayinstitute', 'name': 'friday institute', 'id': '1599091261'}]",[],['https://pbs.twimg.com/media/FPg1oDRUcAcYc8_.jpg'],0,1,14,['csed'],[],https://twitter.com/MelRasberry/status/1511016642494537732,False,,1,https://pbs.twimg.com/media/FPg1oDRUcAcYc8_.jpg,,,,,,,[],,,,
1511004624366583820,1511004624366583820,2022-04-04 11:35:50 Eastern Daylight Time,2022-04-04,11:35:50,-0400,1417134608919973890,raspberrypi_org,Raspberry Pi Foundation,,"Our new seminar series focuses on cross-disciplinary approaches to teaching computing. Our speakers are Mark Guzdial @guzdial, Pratim Sengupta @pratim, Yasmin Kafai @katyaskit, Genevieve Smith-Nunes @pegleggen.  Find out more:  https://t.co/UsyddJNQVs  #CSEd #Computing #CSForAll  https://t.co/Ts0p9OWOyn",en,"[{'screen_name': 'guzdial', 'name': 'mark guzdial', 'id': '20801371'}, {'screen_name': 'pratim', 'name': 'pratim sengupta', 'id': '6526892'}, {'screen_name': 'katyaskit', 'name': 'yasmin kafai', 'id': '512562417'}, {'screen_name': 'pegleggen', 'name': 'genevieve smith-nunes', 'id': '335352612'}]",['https://www.raspberrypi.org/blog/cross-disciplinary-computing-education-research-seminars/'],['https://pbs.twimg.com/media/FPgqsKPXoAUwRih.jpg'],3,18,38,"['csed', 'computing', 'csforall']",[],https://twitter.com/RaspberryPi_org/status/1511004624366583820,False,,1,https://pbs.twimg.com/media/FPgqsKPXoAUwRih.jpg,,,,,,,[],,,,
1510960029125550083,1510960029125550083,2022-04-04 08:38:37 Eastern Daylight Time,2022-04-04,08:38:37,-0400,1443307278451494918,stcodealgo,CodeAlgo Academy,,Good Morning and Happy Monday üòÉ I came across this video and would like to share it with you all. Ever wondered what it takes to put together exact instructions for a computer to process? Check this fun activity out üòÅüòÅüòÅ  https://t.co/W3uM1nclmL #TeachHER #community #a11y #csed,en,[],['https://youtu.be/cDA3_5982h8'],[],0,0,1,"['teachher', 'community', 'a11y', 'csed']",[],https://twitter.com/stcodealgo/status/1510960029125550083,False,,0,,,,,,,,[],,,,
1510909432489730050,1510909432489730050,2022-04-04 05:17:34 Eastern Daylight Time,2022-04-04,05:17:34,-0400,819856033564737536,helloworld_edu,Hello World Magazine,,"How can digital leaders raise the profile of #Computing in schools?  In the latest #HelloWorldPodcast, @LegoJames &amp; @SwayGrantham are joined by Lorraine Hall &amp; Tracy Mutter to explore this &amp; more üéß  Listen:  https://t.co/UjkqdHBzwq  #CSEd #Education @FHSComputing @FHSDigiLeaders  https://t.co/ptsMiQPhor",en,"[{'screen_name': 'legojames', 'name': 'james robinson', 'id': '212009144'}, {'screen_name': 'swaygrantham', 'name': 'sway grantham', 'id': '293574985'}, {'screen_name': 'fhscomputing', 'name': 'ùîΩ‚Ñçùïä‚ÑÇùï†ùïûùï°ùï¶ùï•ùïöùïüùïò', 'id': '1901197206'}, {'screen_name': 'fhsdigileaders', 'name': 'fhs_digitalleaders', 'id': '840295550020915200'}]",['http://helloworld.cc/hwpodcast-s3e4'],[],1,7,19,"['computing', 'helloworldpodcast', 'csed', 'education']",[],https://twitter.com/HelloWorld_Edu/status/1510909432489730050,False,,1,https://pbs.twimg.com/ext_tw_video_thumb/1510909403569999880/pu/img/ytJJI2LmicsDtOZ8.jpg,,,,,,,[],,,,
1510473280540524549,1510473280540524549,2022-04-03 00:24:27 Eastern Daylight Time,2022-04-03,00:24:27,-0400,3385372334,codingwculture,Coach Victor Hicks: Coding with Culture ‚ô•Ô∏èüñ§üíö,,Hey y'all Hey! Check this out!! #csed #csk8  #coding,en,[],[],[],0,0,1,"['csed', 'csk8', 'coding']",[],https://twitter.com/CodingWCulture/status/1510473280540524549,False,https://twitter.com/Scienergetic/status/1510394914537889795,0,,,,,,,,[],,,,
1510284628342587406,1510284628342587406,2022-04-02 11:54:49 Eastern Daylight Time,2022-04-02,11:54:49,-0400,165885509,agatorbites,Alexis Cobo,,‚ÄúOur curricula must TEACH accessibility‚Äù @SinaBahram passionately describes a crucial barrier to consider in #CSed . #CSTASummit  https://t.co/aR7AcY9Qpq,en,"[{'screen_name': 'sinabahram', 'name': 'sina bahram', 'id': '114569401'}]",[],['https://pbs.twimg.com/media/FPWb3HhXIAk5tqX.jpg'],0,5,14,"['csed', 'cstasummit']",[],https://twitter.com/Agatorbites/status/1510284628342587406,False,,1,https://pbs.twimg.com/media/FPWb3HhXIAk5tqX.jpg,,,,,,,[],,,,
1509960997884555266,1509960997884555266,2022-04-01 14:28:50 Eastern Daylight Time,2022-04-01,14:28:50,-0400,63056964,thevena,Weena N üè≥Ô∏è‚Äçüåà,,How nice a full sets of b‚Ä¢e‚Ä¢b‚Ä¢r‚Ä¢a‚Ä¢s card is mine. üòÅ  #CSEd #ComputationalThinking  https://t.co/jo85CKgTLv,en,[],[],['https://pbs.twimg.com/media/FPR1hkJaQAAPKhC.jpg'],0,0,0,"['csed', 'computationalthinking']",[],https://twitter.com/Thevena/status/1509960997884555266,False,,1,https://pbs.twimg.com/media/FPR1hkJaQAAPKhC.jpg,,,,,,,[],,,,
1509910969270550537,1509910969270550537,2022-04-01 11:10:02 Eastern Daylight Time,2022-04-01,11:10:02,-0400,55345896,csjournalism,Center for Sustainable Journalism,,Via @YouthToday: @TulsaSchools and @utulsa are working together to build the next generation of America's cyber-defenders #STEMed #CSEd  https://t.co/pmFHyPSylM,en,"[{'screen_name': 'youthtoday', 'name': 'youth today', 'id': '38013241'}, {'screen_name': 'tulsaschools', 'name': 'tulsaschools', 'id': '92405904'}, {'screen_name': 'utulsa', 'name': 'university of tulsa', 'id': '17091564'}]",['https://bit.ly/HSCyberDefense'],[],0,0,0,"['stemed', 'csed']",[],https://twitter.com/CSJournalism/status/1509910969270550537,False,,0,,,,,,,,[],,,,
1509895690658459677,1509895690658459677,2022-04-01 10:09:19 Eastern Daylight Time,2022-04-01,10:09:19,-0400,710898660712828928,bioshock_hk,Bioshock,,"Raspberry_Pi: RT @RaspberryPi_org: FIVE YEARS of Hello World magazine, our free publication for computing educators! Here's Alan O'Donohoe @teknoteacher with his top tips on how you can make the most of Hello World for your #CSEd &amp; #computing classroom p‚Ä¶  https://t.co/GHSdHQU3vi",en,"[{'screen_name': 'raspberrypi_org', 'name': 'raspberry pi foundation', 'id': '1417134608919973890'}, {'screen_name': 'teknoteacher', 'name': ""alan o'donohoe"", 'id': '48846301'}]",[],['https://pbs.twimg.com/media/FPQvJs-WYAMjNCC.jpg'],0,0,1,"['csed', 'computing']",[],https://twitter.com/bioshock_hk/status/1509895690658459677,False,,1,https://pbs.twimg.com/media/FPQvJs-WYAMjNCC.jpg,,,,,,,[],,,,
1509883633779318794,1509883633779318794,2022-04-01 09:21:25 Eastern Daylight Time,2022-04-01,09:21:25,-0400,1417134608919973890,raspberrypi_org,Raspberry Pi Foundation,,"FIVE YEARS of Hello World magazine, our free publication for computing educators! Here's Alan O'Donohoe @teknoteacher with his top tips on how you can make the most of Hello World for your #CSEd &amp; #computing classroom practice and career:  https://t.co/55GhsGtTU8  https://t.co/zLvLhRGCWQ",en,"[{'screen_name': 'teknoteacher', 'name': ""alan o'donohoe"", 'id': '48846301'}]",['https://www.raspberrypi.org/blog/making-the-most-of-hello-world-18-five-years/'],['https://pbs.twimg.com/media/FPQvJs-WYAMjNCC.jpg'],1,15,85,"['csed', 'computing']",[],https://twitter.com/RaspberryPi_org/status/1509883633779318794,False,,1,https://pbs.twimg.com/media/FPQvJs-WYAMjNCC.jpg,,,,,,,[],,,,
1509701551312494603,1509701551312494603,2022-03-31 21:17:53 Eastern Daylight Time,2022-03-31,21:17:53,-0400,1091100018298228736,ksm_csed,Kristin Stephens-Martinez,,Calling all those that know recent bachelor's graduates that are thinking of going back to grad school! Tell them about #CSGrad4US #csed #funding #nsf  https://t.co/hBYK0rCv3y,en,[],['https://www.nsf.gov/cise/CSGrad4US/'],[],0,3,6,"['csgrad4us', 'csed', 'funding', 'nsf']",[],https://twitter.com/ksm_csed/status/1509701551312494603,False,,0,,,,,,,,[],,,,
1509612713768591365,1509612713768591365,2022-03-31 15:24:52 Eastern Daylight Time,2022-03-31,15:24:52,-0400,15100514,audrakaplan,AudraKaplan,,"csteachersgb: Join us one week from today on March 3rd, at 5:00 pm EST to talk about recursion or the DESE DLCS strand on programming &amp; development.  https://t.co/gIb8A4SzTG @CSforMA #CSK8 #CSEd @csteachersorg  https://t.co/n8096q7u5P",en,"[{'screen_name': 'csforma', 'name': 'csforma', 'id': '1093850178640072705'}, {'screen_name': 'csteachersorg', 'name': 'cs teachers association (csta)', 'id': '88305457'}]",['https://greaterboston.csteachers.org/events/cstagb-01-06-2022/'],['https://pbs.twimg.com/media/FINPaRZXoBIHdw4.jpg'],0,0,0,"['csk8', 'csed']",[],https://twitter.com/AudraKaplan/status/1509612713768591365,False,,1,https://pbs.twimg.com/media/FINPaRZXoBIHdw4.jpg,,,,,,,[],,,,
1509606457481863177,1509606457481863177,2022-03-31 15:00:01 Eastern Daylight Time,2022-03-31,15:00:01,-0400,1049994625061179392,csteachersgb,@csteachersgb,,"Join us one week from today on March 3rd, at 5:00 pm EST to talk about recursion or the DESE DLCS strand on programming &amp; development.  https://t.co/MpqIQtmYtf @CSforMA #CSK8 #CSEd @csteachersorg  https://t.co/2LkHDPIB6y",en,"[{'screen_name': 'csforma', 'name': 'csforma', 'id': '1093850178640072705'}, {'screen_name': 'csteachersorg', 'name': 'cs teachers association (csta)', 'id': '88305457'}]",['https://greaterboston.csteachers.org/events/cstagb-01-06-2022/'],['https://pbs.twimg.com/media/FINPaRZXoBIHdw4.jpg'],0,1,5,"['csk8', 'csed']",[],https://twitter.com/csteachersgb/status/1509606457481863177,False,,1,https://pbs.twimg.com/media/FINPaRZXoBIHdw4.jpg,,,,,,,[],,,,
1509577526343045131,1509577526343045131,2022-03-31 13:05:03 Eastern Daylight Time,2022-03-31,13:05:03,-0400,38013241,youthtoday,Youth Today,,How @TulsaSchools and @utulsa are working together to build the next generation of America's cyber-defenders #STEMed #CSEd  https://t.co/JuL9jzvRd9,en,"[{'screen_name': 'tulsaschools', 'name': 'tulsaschools', 'id': '92405904'}, {'screen_name': 'utulsa', 'name': 'university of tulsa', 'id': '17091564'}]",['https://bit.ly/HSCyberDefense'],[],0,0,1,"['stemed', 'csed']",[],https://twitter.com/YouthToday/status/1509577526343045131,False,,0,,,,,,,,[],,,,
1509567111525502981,1509567111525502981,2022-03-31 12:23:40 Eastern Daylight Time,2022-03-31,12:23:40,-0400,1037018472700473344,msgrunewald,Katherine Grunewald,,Such a neat project! #CSEd @SFPSDigital,en,"[{'screen_name': 'sfpsdigital', 'name': 'sfps digital learning', 'id': '1491541586953580549'}]",[],[],0,1,3,['csed'],[],https://twitter.com/MsGrunewald/status/1509567111525502981,False,https://twitter.com/AmandaJeane2/status/1509517149349556227,0,,,,,,,,[],,,,
